{
  "alpha": 0.0,
  "quantile": 0.98,
  "threshold": 0.10122059285640717,
  "f1": 0.461538,
  "precision": 0.9,
  "recall": 0.310345,
  "TP": 9,
  "FP": 1,
  "FN": 20
}