{
  "alpha": 0.8,
  "beta": 0.19999999999999996,
  "quantile": 0.98,
  "threshold": 0.04450976103544235,
  "f1": 0.307692,
  "precision": 0.6,
  "recall": 0.206897,
  "TP": 6,
  "FP": 4,
  "FN": 23
}