{
  "alpha": 0.0,
  "quantile": 0.97,
  "threshold": 0.17169030010700226,
  "f1": 0.090909,
  "precision": 0.133333,
  "recall": 0.068966,
  "TP": 2,
  "FP": 13,
  "FN": 27
}